{
    "src/addons/CoderBeams/POTW/addon.json": "48ac60344b6f4ea386234608c03ed2465525d29ee51fe01e86bf7ff404ba1602",
    "src/addons/CoderBeams/POTW/Alert/PotwAlert.php": "8d062b00b6385ef303bd8818b7a35c27c38446a0869509e2b621145e5b5251bf",
    "src/addons/CoderBeams/POTW/Api/Controller/Potw.php": "1a2e9427790c9dc81f432371206247c313621c81206f4b484e96f0b6973e812b",
    "src/addons/CoderBeams/POTW/Cron/PotwAlert.php": "4708e5b294adc40a9eb437a1584a4e06a42d12a6b65b07caeeca98c4dbfb7107",
    "src/addons/CoderBeams/POTW/Entity/Watch.php": "860be42f342a24481da8859b3606f75c17d58db46654bfed373b427da7acc7ae",
    "src/addons/CoderBeams/POTW/logo.png": "2d1cbdbf8020af73a0dea6245de9bbd40c5bd11166cf74179ce8f7e8a354a6f1",
    "src/addons/CoderBeams/POTW/Pub/Controller/Potw.php": "2dbb26acb2071d887d5e8c3a70f766d9ad8b1a00c39201375aea6d7d5d8cf3fb",
    "src/addons/CoderBeams/POTW/README.md": "ad63b582f7f7216b80f2867f2bbae45af5e7d22f0c48c485ccb35038c42f944b",
    "src/addons/CoderBeams/POTW/Repository/Watch.php": "4dbd3c138dc21d28f7c71215d0a3f4e2ebe984ca0c95baad881d97c04e36cf2b",
    "src/addons/CoderBeams/POTW/Service/Week.php": "5f5171e01840f8ef4b7aee84c5f9a5e563eeb20e4f0ac29ead6e9d5a0b777c57",
    "src/addons/CoderBeams/POTW/Setup.php": "84185c7491bbf6620f74677cfc2f8dd91063ad6eff378a20682a568fc0730545",
    "src/addons/CoderBeams/POTW/Widget/PotwWidget.php": "b861d5bf0e5a21781c8afa9e33f29e93368383b47f1d56b4fdf0d49c1a3bcc1b",
    "src/addons/CoderBeams/POTW/XF/Entity/Post.php": "08cf58cbd3abff13ab69de3f173a94bf057cbe54b283bd204c87e1daa40a567e",
    "src/addons/CoderBeams/POTW/XF/Entity/Thread.php": "3ddb58c1943fbb59b7074bac6d95bcc2b39f50e590e3da556bba715b5e1d3099",
    "src/addons/CoderBeams/POTW/_data/activity_summary_definitions.xml": "99d8c2563a31320d66f958fc8bda78613545f5f7959bb3cf5318805e3a3c39d2",
    "src/addons/CoderBeams/POTW/_data/admin_navigation.xml": "064ec797484ac00d5ee37367b50b06846d11f480d00550997712707f8fdac8c0",
    "src/addons/CoderBeams/POTW/_data/admin_permission.xml": "ec6fb97cebf0bceb24f1ed1d5778c1db54eeb7535fbb3e31d824840e7aa9ff87",
    "src/addons/CoderBeams/POTW/_data/advertising_positions.xml": "d2f7cbe844bb1df3cf878d22ff6306249245c8ff6b0b87b9b729744bec538261",
    "src/addons/CoderBeams/POTW/_data/api_scopes.xml": "6793eaf758f140e8137187ba20e65f4faccf53410433ae3ad7a8b3b38cb6b3b7",
    "src/addons/CoderBeams/POTW/_data/bb_codes.xml": "faa4ddd5f4a365e5ac39aebdcbe2d25aedf74e7eb9ea4a812766e2fd5e13bdb1",
    "src/addons/CoderBeams/POTW/_data/bb_code_media_sites.xml": "29762987990187b33e43cfb68c08dc917b2d3f0176613d78f8e6c453f82da3f3",
    "src/addons/CoderBeams/POTW/_data/class_extensions.xml": "0699a907f3df21ac47bb2a1f47c5f8896aaf1c157e10a504c3ad940be3380715",
    "src/addons/CoderBeams/POTW/_data/code_events.xml": "8370dec3df47f91df4cf79da253446ad11b29f4ea568fe76c774e97a0379f0eb",
    "src/addons/CoderBeams/POTW/_data/code_event_listeners.xml": "d6b5072f4909dee7a20ee9e44b163f95c8aa52e6ac7f573e292000cd9238c331",
    "src/addons/CoderBeams/POTW/_data/content_type_fields.xml": "c7ad5472b28f465b7ac7617627707eba1b7a39d28089460d52e1ed292fc0b06a",
    "src/addons/CoderBeams/POTW/_data/cron.xml": "a84ebbc8d6238522278ff8d007d1eae47f12025b9891f1cafbd1884e53cdd94d",
    "src/addons/CoderBeams/POTW/_data/help_pages.xml": "a8a0c0b06cdc550438bc8a8d385af3e1e5ab3459877dfb934c1c31be59c89163",
    "src/addons/CoderBeams/POTW/_data/member_stats.xml": "89fb2b93ff1eca7a1f6f752248edf6090dfd24037db1446fd18ff7143f08124d",
    "src/addons/CoderBeams/POTW/_data/navigation.xml": "abe94334375792a121fccedb078112c453215b2366b6087f83f2bdce6c817ecd",
    "src/addons/CoderBeams/POTW/_data/options.xml": "a055f2c25727b28e3c2a3066cc6ac27d3a27c1eb212f0d3b829c5e8b883af4b2",
    "src/addons/CoderBeams/POTW/_data/option_groups.xml": "1bc9c12a6439a55904a4c581ae10d35e03fb1676e8b89f72680024606392b5a5",
    "src/addons/CoderBeams/POTW/_data/permissions.xml": "7e4fc7d5826733d15ea2d8936b9bdd41afcaad810eb38e50da3c8d8eafda1550",
    "src/addons/CoderBeams/POTW/_data/permission_interface_groups.xml": "3177224e96458b829aa7fb24866dda9e0455a4922aee3d669b53f59a1ffdf5d1",
    "src/addons/CoderBeams/POTW/_data/phrases.xml": "80485585635ec2252e9bf9ed5a7c7f552cf702059dddfe80414f759cb608218a",
    "src/addons/CoderBeams/POTW/_data/routes.xml": "ca66bba46e63aae5ff805837eb1ce83725dce20f72c61e05dafcfe397fd24a87",
    "src/addons/CoderBeams/POTW/_data/style_properties.xml": "8b8690a8512f01f219dd2da76e3d0c5f62afc1f317b87794a7331c859c36a7a8",
    "src/addons/CoderBeams/POTW/_data/style_property_groups.xml": "68e1879cb3846c42d978487aa8d5145ff3335fc39e58016878824d5cf3fd684c",
    "src/addons/CoderBeams/POTW/_data/templates.xml": "6c8ee36db116d1adc067870f222aae665a4f89dff36e88fe7e7587dde31877ce",
    "src/addons/CoderBeams/POTW/_data/template_modifications.xml": "3b54b7df00a6a4a18c5e012b6e2588e35c23aaa13a5fc227f08646a97590d778",
    "src/addons/CoderBeams/POTW/_data/widget_definitions.xml": "70a5caa689d1df5f9716f51f17eb9f2d1bddf7f621de7e2930f06e20dad6074a",
    "src/addons/CoderBeams/POTW/_data/widget_positions.xml": "a29cee66134f6bc5d75ed9df1eef21096c24401915c5b5c774389c3d7bb2d5b3"
}